Candidate,Party,Date,GEO_code,Year,Votes_perc,hits.candidate,hits.party,indicador
'Fernández','Todos',2019-04-30 2019-10-27,AR,2019,0.471587022386763,1735,548,0.759964958388086
'Macri','Juntos',2019-04-30 2019-10-27,AR,2019,0.41374992095477,2546,67,0.974358974358974
'Lavagna','Consenso Federal',2019-04-30 2019-10-27,AR,2019,0.0613871859968961,942,100,0.904030710172745
'Del Caño','Frente de Izquierda',2019-04-30 2019-10-27,AR,2019,0.0215586628751755,1225,606,0.669033315128345
'Gómez Centurión','NOS',2019-04-30 2019-10-27,AR,2019,0.01704496159658,490,1414,0.257352941176471
'Espert','UNITE',2019-04-30 2019-10-27,AR,2019,0.0146722461898152,835,175,0.826732673267327
'Macri','Cambiemos',2015-04-28 2015-10-25,AR,2015,0.341528,2376,172,0.932496075353218
'Scioli','FpV',2015-04-28 2015-10-25,AR,2015,0.370807,2523,132,0.950282485875706
'Massa','Unidos',2015-04-28 2015-10-25,AR,2015,0.213903,1626,289,0.849086161879896
'Del Caño','Frente de Izquierda',2015-04-28 2015-10-25,AR,2015,0.032263,1509,1059,0.587616822429907
'Stolbizer','Progresistas',2015-04-28 2015-10-25,AR,2015,0.025117,1403,194,0.878522229179712
'Rodriguez Saa','Compromiso Federal',2015-04-28 2015-10-25,AR,2015,0.016382,1759,728,0.707277844792923
'Fernández','Frente para la Victoria',2011-04-26 2011-10-23,AR,2011,0.541109,925,1971,0.319406077348066
'Binner','FAP',2011-04-26 2011-10-23,AR,2011,0.168054,954,132,0.878453038674033
'Alfonsín','Alianza',2011-04-26 2011-10-23,AR,2011,0.111414,1530,1499,0.50511720039617
'Rodriguez Saa','Compromiso Federal',2011-04-26 2011-10-23,AR,2011,0.079597,907,256,0.7798796216681
'Duhalde','Frente Popular',2011-04-26 2011-10-23,AR,2011,0.058641,1441,197,0.87973137973138
'Altamira','Frente de Izquierda',2011-04-26 2011-10-23,AR,2011,0.022956,1371,1059,0.564197530864198
'Carrió','Coalición Cívica',2011-04-26 2011-10-23,AR,2011,0.018228,1347,1175,0.534099920697859
'Fernández','FpV',2007-05-01 2007-10-28,AR,2007,0.45283,1372,1495,0.478549005929543
'Carrió','Coalición Cívica',2007-05-01 2007-10-28,AR,2007,0.230471,1500,1185,0.558659217877095
'Lavagna','UNA',2007-05-01 2007-10-28,AR,2007,0.169059,1406,1167,0.546443839875632
'Rodriguez Saa','FREJULI',2007-05-01 2007-10-28,AR,2007,0.076368,1265,966,0.567010309278351
'Solanas','PSA',2007-05-01 2007-10-28,AR,2007,0.015782,1054,808,0.566058002148228
'Sobisch','MPU',2007-05-01 2007-10-28,AR,2007,0.014047,2275,923,0.711382113821138
'López Murphy','Recrear',2007-05-01 2007-10-28,AR,2007,0.014309,1295,710,0.645885286783042
'Ripoll','Movimiento Socialista',2007-05-01 2007-10-28,AR,2007,0.007459,687,513,0.5725
'Pitrola','Partido Obrero',2007-05-01 2007-10-28,AR,2007,0.006107,1206,1204,0.500414937759336
'Montes','Frente de Izquierda',2007-05-01 2007-10-28,AR,2007,0.004433,1133,1345,0.457223567393059
'Ammann','Frente Amplio',2007-05-01 2007-10-28,AR,2007,0.003652,1079,1368,0.440948099713935
'Castells','Movimiento de Jubilados',2007-05-01 2007-10-28,AR,2007,0.002558,1985,0,1
'Breide','PPR',2007-05-01 2007-10-28,AR,2007,0.002372,693,748,0.480916030534351
'Mussa','Lealtad Popular',2007-05-01 2007-10-28,AR,2007,0.000553,801,0,1
'Arce','MAS',2020-04-21 2020-10-18,BO,2020,0.551053048840184,1243,1744,0.416136591898226
'Mesa','FRI',2020-04-21 2020-10-18,BO,2020,0.288340990428807,228,52,0.814285714285714
'Camacho','Creemos',2020-04-21 2020-10-18,BO,2020,0.139983189405266,1594,1583,0.501731192949323
'Chung','FpV',2020-04-21 2020-10-18,BO,2020,0.0154654549097279,1161,836,0.581372058087131
'Mamani','PAN',2020-04-21 2020-10-18,BO,2020,0.00515731641601497,1242,1477,0.456785582934903
'Morales','MAS',2019-04-23 2019-10-20,BO,2019,0.470758207795758,1535,1734,0.46956255735699
'Mesa','FRI',2019-04-23 2019-10-20,BO,2019,0.365109175776936,242,115,0.677871148459384
'Chung','PDC',2019-04-23 2019-10-20,BO,2019,0.0878315243681194,1297,978,0.57010989010989
'Ortiz','MDS',2019-04-24 2019-10-21,BO,2019,0.042412830534579,1133,928,0.54973313925279
'Patzi','Tercer sistema',2019-04-25 2019-10-22,BO,2019,0.0125172887240127,1000,1014,0.496524329692155
'Lema','MNR',2019-04-26 2019-10-23,BO,2019,0.00689740456925762,1197,1610,0.42643391521197
'Nina','Acción Nacional',2019-04-27 2019-10-24,BO,2019,0.00648878051625771,1430,0,1
'Cárdenas','UCS',2019-04-28 2019-10-25,BO,2019,0.00411931496491096,1315,1396,0.485060863150129
'Rodriguez','FPV',2019-04-23 2019-10-20,BO,2019,0.00386547275016859,1478,1185,0.555013143071724
'Morales','MAS',2014-04-15 2014-10-12,BO,2014,0.613622,662,1023,0.392878338278932
'Doria','UN',2014-04-15 2014-10-12,BO,2014,0.242349,630,985,0.390092879256966
'Quiroga','PDC',2014-04-15 2014-10-12,BO,2014,0.090364,659,423,0.6090573012939
'Granado','MSM',2014-04-15 2014-10-12,BO,2014,0.027127,520,518,0.500963391136802
'Vargas','PVB',2014-04-15 2014-10-12,BO,2014,0.026538,692,750,0.479889042995839
'morales','MAS',2009-06-09 2009-12-06,BO,2009,0.642231,1452,895,0.618662121857691
'Reyes','NFR',2009-06-09 2009-12-06,BO,2009,0.264641,927,1401,0.39819587628866
'Doria','UN',2009-06-09 2009-12-06,BO,2009,0.05651,1093,1518,0.418613558023746
'Joaquino','AS',2009-06-09 2009-12-06,BO,2009,0.023136,957,1259,0.431859205776173
'Flores','MUSPA',2009-06-09 2009-12-06,BO,2009,0.005075,1626,1093,0.59801397572637
'Loayza','GENTE',2009-06-09 2009-12-06,BO,2009,0.00341,467,857,0.352719033232628
'Veliz','PULSO',2009-06-09 2009-12-06,BO,2009,0.002836,1386,749,0.649180327868853
'Choquehuanca','BSD',2009-06-09 2009-12-06,BO,2009,0.002161,1320,814,0.618556701030928
'Morales','MAS',2005-04-21 2005-10-18,BO,2005,0.537398,694,815,0.459907223326706
'Quiroga','Podemos',2005-04-21 2005-10-18,BO,2005,0.285944,621,433,0.589184060721063
'Doria','UN',2005-04-21 2005-10-18,BO,2005,0.077977,841,850,0.497338852749852
'Nagatani','MNR',2005-04-21 2005-10-18,BO,2005,0.064674,775,719,0.518741633199465
'Quispe','MIP',2005-04-21 2005-10-18,BO,2005,0.021556,1119,1470,0.432213209733488
'Angulo','NFR',2005-04-21 2005-10-18,BO,2005,0.006844,749,941,0.443195266272189
'Rodriguez','Frepab',2005-04-21 2005-10-18,BO,2005,0.00304,1420,0,1
'García','USTB',2005-04-21 2005-10-18,BO,2005,0.002568,1278,0,1
'Da Silva','PT',2022-04-05 2022-10-02,BR,2022,0.484307198598687,163,779,0.173036093418259
'Bolsonaro','PL',2022-04-05 2022-10-02,BR,2022,0.463252884596415,982,7,0.992922143579373
'Tebet','MDB',2022-04-05 2022-10-02,BR,2022,0.0543039069674159,388,107,0.783838383838384
'Gomes','PDT',2022-04-05 2022-10-02,BR,2022,0.0363763204327085,926,62,0.937246963562753
'Thronicke','UB',2022-04-05 2022-10-02,BR,2022,0.00598304856502511,500,80,0.862068965517241
'D'Avila','NOVO',2022-04-05 2022-10-02,BR,2022,0.00545940835256275,89,637,0.122589531680441
'Gamonal','PTB',2022-04-05 2022-10-02,BR,2022,0.000785294042231801,198,922,0.176785714285714
'Pericles','UP',2022-04-05 2022-10-02,BR,2022,0.000512054516684602,409,649,0.386578449905482
'Alves','PCB',2022-04-05 2022-10-02,BR,2022,0.000432276819538366,677,339,0.666338582677165
'Tremembé','PSTU',2022-04-05 2022-10-02,BR,2022,0.000240953754481693,367,1295,0.220818291215403
'Barbosa','DC',2022-04-05 2022-10-02,BR,2022,0.000155265062681817,1163,641,0.644678492239468
'Bolsonaro','PSL',2018-04-10 2018-10-07,BR,2018,0.460314481312036,1278,44,0.966717095310136
'Haddad','PT',2018-04-10 2018-10-07,BR,2018,0.292777503126111,982,734,0.572261072261072
'Gomes','PDT',2018-04-10 2018-10-07,BR,2018,0.124654625256289,1118,37,0.967965367965368
'Alckmin','PSDB',2018-04-10 2018-10-07,BR,2018,0.0476068598081458,2051,779,0.724734982332156
'Amoedo','Novo',2018-04-10 2018-10-07,BR,2018,0.0250324731497208,367,550,0.400218102508179
'Daciolo','Patri',2018-04-10 2018-10-07,BR,2018,0.0125951757703255,886,52,0.94456289978678
'Meirelles','MDB',2018-04-10 2018-10-07,BR,2018,0.012040550972698,1285,464,0.734705546026301
'Silva','Rede',2018-04-10 2018-10-07,BR,2018,0.00999131729568749,1137,313,0.784137931034483
'Fernandes','Pode',2018-04-10 2018-10-07,BR,2018,0.00802984573232645,40,543,0.0686106346483705
'Castro','PSOL',2018-04-10 2018-10-07,BR,2018,0.00576476116014845,90,601,0.130246020260492
'Salgado','PSTU',2018-04-10 2018-10-07,BR,2018,0.000520893132658044,364,1195,0.23348300192431
'Eymael','DC',2018-04-10 2018-10-07,BR,2018,0.00038962828742095,1276,410,0.756820877817319
'Goulart','PPL',2018-04-10 2018-10-07,BR,2018,0.00028188499643286,1750,1040,0.627240143369176
'Rousseff','PT',2014-04-08 2014-10-05,BR,2014,0.41594,852,664,0.562005277044855
'Neves','PSDB',2014-04-08 2014-10-05,BR,2014,0.335473,511,305,0.626225490196078
'Silva','PSB',2014-04-08 2014-10-05,BR,2014,0.213188,842,127,0.868937048503612
'Genro','PSOL',2014-04-08 2014-10-05,BR,2014,0.015498,625,268,0.699888017917133
'Pereira','PSC',2014-04-08 2014-10-05,BR,2014,0.007503,868,595,0.593301435406699
'Jorge','PV',2014-04-08 2014-10-05,BR,2014,0.006057,578,112,0.83768115942029
'Fidelix','PRTB',2014-04-08 2014-10-05,BR,2014,0.004296,454,173,0.724082934609251
'Ferreira','PSTU',2014-04-08 2014-10-05,BR,2014,0.000877,888,777,0.533333333333333
'Eymael','PSDC',2014-04-08 2014-10-05,BR,2014,0.000589,906,606,0.599206349206349
'Iasi','PCB',2014-04-08 2014-10-05,BR,2014,0.00046,1060,1220,0.464912280701754
'Costa','PCO',2014-04-08 2014-10-05,BR,2014,0.000118,746,154,0.828888888888889
'Rousseff','PT',2010-04-06 2010-10-03,BR,2010,0.469056,1937,975,0.665178571428571
'Serra','PSDB',2010-04-06 2010-10-03,BR,2010,0.326137,957,560,0.63085036255768
'Silva','PV',2010-04-06 2010-10-03,BR,2010,0.19329,574,153,0.789546079779917
'Arruda','PSOL',2010-04-06 2010-10-03,BR,2010,0.008729,184,393,0.318890814558059
'Eymael','PSDC',2010-04-06 2010-10-03,BR,2010,0.00088,1660,1717,0.491560556707137
'Almeida','PSTU',2010-04-06 2010-10-03,BR,2010,0.000833,1410,1854,0.431985294117647
'Fidelix','PRTB',2010-04-06 2010-10-03,BR,2010,0.000571,1137,1117,0.504436557231588
'Pinheiro','PCB',2010-04-06 2010-10-03,BR,2010,0.000385,1720,1629,0.513586145117946
'Costa','PCO',2010-04-06 2010-10-03,BR,2010,0.00012,1409,806,0.636117381489842
'Da Silva','PT',2006-04-04 2006-10-01,BR,2006,0.486083,262,843,0.23710407239819
'Alckmin','PSDB',2006-04-04 2006-10-01,BR,2006,0.416351,414,859,0.325216025137471
'Helena','PSOL',2006-04-04 2006-10-01,BR,2006,0.068496,731,429,0.630172413793103
'Baurque','PDT',2006-04-04 2006-10-01,BR,2006,0.026447,1216,1600,0.431818181818182
'Rangel','PRP',2006-04-04 2006-10-01,BR,2006,0.001317,990,1207,0.450614474283113
'Eymael','PSDC',2006-04-04 2006-10-01,BR,2006,0.000659,815,1131,0.418807810894142
'Bivar','PSL',2006-04-04 2006-10-01,BR,2006,0.000647,1237,1654,0.427879626426842
'Kast','Frente Social Cristiano',2021-05-25 2021-11-21,CL,2021,0.279081118896245,489,160,0.75346687211094
'Boric','AD',2021-05-25 2021-11-21,CL,2021,0.258259774916082,571,93,0.859939759036145
'Parisi','PDG',2021-05-25 2021-11-21,CL,2021,0.127991219097353,580,259,0.691299165673421
'Provoste','PDC',2021-05-25 2021-11-21,CL,2021,0.116059500206914,1337,673,0.665174129353234
'Enriquez Ominami','PRO',2021-05-25 2021-11-21,CL,2021,0.0760608834296182,1135,1386,0.450218167393891
'Artés','UPA',2021-05-25 2021-11-21,CL,2021,0.0146833643846907,1273,1318,0.491316094172134
'Piñera','Chile Vamos',2017-05-23 2017-11-19,CL,2017,0.366429909034162,1320,119,0.917303683113273
'Guillier','Nueva Mayoría',2017-05-23 2017-11-19,CL,2017,0.226966128709691,720,590,0.549618320610687
'Sanchez','Frente Amplio',2017-05-23 2017-11-19,CL,2017,0.202724278363948,369,675,0.353448275862069
'Goic','PDC',2017-05-23 2017-11-19,CL,2017,0.058752658978104,899,666,0.57444089456869
'Enriquez Ominami','PRO',2017-05-23 2017-11-19,CL,2017,0.0570992442744853,1414,1428,0.497536945812808
'Artés','UPA',2017-05-23 2017-11-19,CL,2017,0.00510054118916167,1052,1028,0.505769230769231
'Navarro','Pais',2017-05-23 2017-11-19,CL,2017,0.00363136109377178,1811,1932,0.483836494790275
'Bachelet','Nueva Mayoría',2013-05-21 2013-11-17,CL,2013,0.46704,1355,1002,0.574883326262198
'Matthei','Alianza',2013-05-21 2013-11-17,CL,2013,0.250308,1834,1378,0.570983810709838
'Enriquez Ominami','PRO',2013-05-21 2013-11-17,CL,2013,0.109864,1408,1382,0.504659498207885
'Claude','Todos a la Moneda',2013-05-21 2013-11-17,CL,2013,0.028102,1397,892,0.610310179117519
'Sfeir','PEV',2013-05-21 2013-11-17,CL,2013,0.023482,1229,845,0.592574734811958
'Miranda','Igual',2013-05-21 2013-11-17,CL,2013,0.012432,1941,1276,0.603357165060615
'Israel','PRI',2013-05-21 2013-11-17,CL,2013,0.005731,1002,1269,0.441215323645971
'Piñera','Alianza',2009-06-16 2009-12-13,CL,2009,0.440579,1325,251,0.840736040609137
'Frei Ruiz','Concertación',2009-06-16 2009-12-13,CL,2009,0.296001,1394,1699,0.450695118008406
'Arrate','Juntos Podemos',2009-06-16 2009-12-13,CL,2009,0.062101,1156,783,0.596183599793708
'Bachelet','Concertación',2005-06-14 2005-12-11,CL,2005,0.459619,1062,1085,0.494643688868188
'Piñera','Alianza',2005-06-14 2005-12-11,CL,2005,0.25406,916,545,0.626967830253251
'Lavín','UDI',2005-06-14 2005-12-11,CL,2005,0.232296,436,581,0.428711897738446
'Hirsch','Juntos Podemos',2005-06-14 2005-12-11,CL,2005,0.054026,1049,814,0.563070316693505
'Petro','Pacto Histórico',2021-11-30 2022-05-29,CO,2022,0.410508755229451,1094,96,0.919327731092437
'Hernández','LIGA',2021-11-30 2022-05-29,CO,2022,0.286693051839796,763,483,0.612359550561798
'Gutiérrez','Equipo por Colombia',2021-11-30 2022-05-29,CO,2022,0.243636865031578,705,494,0.587989991659716
'Fajardo','Centro Esperanza',2021-11-30 2022-05-29,CO,2022,0.0425458393562327,226,325,0.41016333938294
'Rodriguez','Colombia Justa Libres',2021-11-30 2022-05-29,CO,2022,0.0130420951822268,1205,920,0.567058823529412
'Martínez','Salvación Nacioanl',2021-11-30 2022-05-29,CO,2022,0.00233979336094628,818,0,1
'Betancorut','Partido Verde',2021-11-30 2022-05-29,CO,2022,0.000680575408942389,0,665,0
'Pérez','Piensa en Grande',2021-11-30 2022-05-29,CO,2022,0.000553024590826924,1708,777,0.687323943661972
'Duque','Gran Alianza',2017-11-28 2018-05-27,CO,2018,0.3997781326224,1197,104,0.920061491160646
'Ptro','Coalición por la Paz',2017-11-28 2018-05-27,CO,2018,0.256209236622535,1174,0,1
'Fajardo','Compromiso Ciudadano',2017-11-28 2018-05-27,CO,2018,0.242395576172574,775,168,0.821845174973489
'Vargas','Cambio Radical',2017-11-28 2018-05-27,CO,2018,0.074352242056728,668,618,0.519440124416796
'De la Calle','Partido Liberal',2017-11-28 2018-05-27,CO,2018,0.021081889976279,323,674,0.323971915747242
'Trujillo','Todos somos Colombia',2017-11-28 2018-05-27,CO,2018,0.00399340154483282,662,875,0.430709173715029
'Morales','Somos Región',2017-11-28 2018-05-27,CO,2018,0.00218952100465098,2926,0,1
'Santos','Partido de la U',2013-11-26 2014-05-25,CO,2014,0.273306,1055,883,0.54437564499484
'Zuluaga','Centro Democrático',2013-11-26 2014-05-25,CO,2014,0.311229,924,274,0.771285475792988
'Ramírez','Partido Conservador',2013-11-26 2014-05-25,CO,2014,0.165193,275,994,0.216706067769898
'López','Polo democrático',2013-11-26 2014-05-25,CO,2014,0.162106,917,1324,0.409192324854975
'Peñalosa','Alianza Verde',2013-11-26 2014-05-25,CO,2014,0.088166,895,748,0.544735240413877
'Santos','Partido de la U',2009-12-01 2010-05-30,CO,2010,0.474056,1254,965,0.565119423163587
'Mockus','Partido Verde',2009-12-01 2010-05-30,CO,2010,0.218434,670,666,0.501497005988024
'Vargas Lleras','Cambio Radical',2009-12-01 2010-05-30,CO,2010,0.102702,1127,1036,0.521035598705502
'Petro','Polo democrático',2009-12-01 2010-05-30,CO,2010,0.09278,1765,1008,0.636494771006131
'Sanín','Partido Conservador',2009-12-01 2010-05-30,CO,2010,0.062293,483,1068,0.311411992263056
'Pardo','Partido Liberal',2009-12-01 2010-05-30,CO,2010,0.044485,399,832,0.32412672623883
'Calderón','Apertura Liberal',2009-12-01 2010-05-30,CO,2010,0.002032,1039,1043,0.499039385206532
'Devia','MVC',2009-12-01 2010-05-30,CO,2010,0.002184,1464,1167,0.556442417331813
'Araujo','ASA',2009-12-01 2010-05-30,CO,2010,0.001035,568,888,0.39010989010989
'Uribe','Primero Colombia',2005-11-29 2006-05-28,CO,2006,0.635656,1431,760,0.653126426289366
'Gaviria','Polo democrático',2005-11-29 2006-05-28,CO,2006,0.224534,286,446,0.390710382513661
'Uribe','Partido Liberal',2005-11-29 2006-05-28,CO,2006,0.120658,1431,1043,0.578415521422797
'Mockus','ASI',2005-11-29 2006-05-28,CO,2006,0.012595,465,698,0.399828030954428
'Parejo','RDN',2005-11-29 2006-05-28,CO,2006,0.003665,796,983,0.447442383361439
'Leyva','MNR',2005-11-29 2006-05-28,CO,2006,0.001569,849,823,0.507775119617225
'Rincón','Movimiento Político Comunal',2005-11-29 2006-05-28,CO,2006,0.001322,1154,0,1
'Figueres','PLN',2021-08-10 2022-02-06,CR,2022,0.27282491636497,1473,1146,0.562428407789233
'Chaves','PSD',2021-08-10 2022-02-06,CR,2022,0.167772730397324,525,335,0.61046511627907
'Alvarado','PNR',2021-08-10 2022-02-06,CR,2022,0.148763900982234,881,1288,0.40617796219456
'Feinzaig','PLP+',2021-08-10 2022-02-06,CR,2022,0.124014710599881,905,702,0.563161169881767
'Pacheco Arce','PUSC',2021-08-10 2022-02-06,CR,2022,0.124004685853077,0,944,0
'Villalta','FA',2021-08-10 2022-02-06,CR,2022,0.0872577830224707,1005,1461,0.407542579075426
'Araya','CRJ',2021-08-10 2022-02-06,CR,2022,0.00952398683225639,1271,1085,0.539473684210526
'Moya','PFN',2021-08-10 2022-02-06,CR,2022,0.00791286681025923,1201,1100,0.521946979574098
'Diaz','UP',2021-08-10 2022-02-06,CR,2022,0.00787467729862671,1189,1111,0.51695652173913
'Ramos','PAC',2021-08-10 2022-02-06,CR,2022,0.00658912286329682,1160,1823,0.38887026483406
'López','PASE',2021-08-10 2022-02-06,CR,2022,0.00592796694315873,1244,1428,0.465568862275449
'Hernández','PRSC',2021-08-10 2022-02-06,CR,2022,0.00583535737744986,1422,1089,0.566308243727599
'Mena','PNG',2021-08-10 2022-02-06,CR,2022,0.00555800604921864,654,1287,0.33693972179289
'Cruickshank','PREN',2021-08-10 2022-02-06,CR,2022,0.00532743687273727,1241,0,1
'Quesada','JSC',2021-08-10 2022-02-06,CR,2022,0.00322653636405298,1642,0,1
'Malavassi','UL',2021-08-10 2022-02-06,CR,2022,0.00316638788323175,1039,948,0.522898842476095
'Morales','PUCD',2021-08-10 2022-02-06,CR,2022,0.00315254418526496,1235,0,1
'Rivera','ADC',2021-08-10 2022-02-06,CR,2022,0.0027195705971312,1188,1133,0.511848341232227
'Campos','PEN',2021-08-10 2022-02-06,CR,2022,0.00221451430579106,780,1020,0.433333333333333
'Piza','PNP',2021-08-10 2022-02-06,CR,2022,0.00160348211967065,1136,1022,0.526413345690454
'Muñoz','PIN',2021-08-10 2022-02-06,CR,2022,0.00144260880191864,565,697,0.44770206022187
'Chavarría','PMSDC',2021-08-10 2022-02-06,CR,2022,0.000970013595466141,1649,0,1
'Vega','PT',2021-08-10 2022-02-06,CR,2022,0.000931346714938209,1320,1214,0.520915548539858
'Chinchilla','PU',2021-08-10 2022-02-06,CR,2022,0.000713666498632815,734,1060,0.409141583054627
'Cordero','ML',2021-08-10 2022-02-06,CR,2022,0.000671180666941631,1231,1484,0.453406998158379
'Alvarado Quesada','PAC',2017-08-08 2018-02-04,CR,2018,0.24992098657027,1185,1158,0.505761843790013
'Alvarado Muñóz','PREN',2017-08-08 2018-02-04,CR,2018,0.216331577015237,,,
'Alvarez','PLN',2017-08-08 2018-02-04,CR,2018,0.186339424986437,1465,1288,0.53214674900109
'Piza','PUSC',2017-08-08 2018-02-04,CR,2018,0.159927358695909,1952,1653,0.541470180305132
'Castro','PIN',2017-08-08 2018-02-04,CR,2018,0.095420376971797,881,807,0.521919431279621
'Hernández','Republicano',2017-08-08 2018-02-04,CR,2018,0.049400913446299,1003,809,0.553532008830022
'Guevara','ML',2017-08-08 2018-02-04,CR,2018,0.0101592010384755,841,1327,0.387915129151292
'Araya','FA',2017-08-08 2018-02-04,CR,2018,0.00782569428555384,781,1154,0.403617571059432
'Mena','PNG',2017-08-08 2018-02-04,CR,2018,0.00757832771846807,1428,1651,0.463786943812926
'Redondo','ADC',2017-08-08 2018-02-04,CR,2018,0.00586532584395857,1087,1328,0.450103519668737
'Campos','PRC',2017-08-08 2018-02-04,CR,2018,0.00571263616183621,2038,1038,0.662548764629389
'López','PASE',2017-08-08 2018-02-04,CR,2018,0.00349886782225065,1265,1418,0.471487141259784
'Vega','PT',2017-08-08 2018-02-04,CR,2018,0.00201930944350876,1587,1230,0.563365282215123
'Solís','PAC',2013-08-06 2014-02-02,CR,2014,0.306434,1080,1238,0.465918895599655
'Araya','PLN',2013-08-06 2014-02-02,CR,2014,0.297077,1549,1732,0.472112160926547
'Villalta','FA',2013-08-06 2014-02-02,CR,2014,0.172456,1732,1266,0.577718478985991
'Guevara','ML',2013-08-06 2014-02-02,CR,2014,0.113387,1510,1200,0.55719557195572
'Piza','PUSC',2013-08-06 2014-02-02,CR,2014,0.060158,1155,1206,0.489199491740788
'Corrales','PPN',2013-08-06 2014-02-02,CR,2014,0.014992,1049,1038,0.502635361763297
'Avendaño','PREN',2013-08-06 2014-02-02,CR,2014,0.013472,1094,0,1
'Orozco','PRC',2013-08-06 2014-02-02,CR,2014,0.008135,1719,1471,0.538871473354232
'López','PASE',2013-08-06 2014-02-02,CR,2014,0.00503,728,987,0.424489795918367
'Mena','PNG',2013-08-06 2014-02-02,CR,2014,0.002862,710,1017,0.411117544875507
'Monestel','PT',2013-08-06 2014-02-02,CR,2014,0.002382,1474,1628,0.475177304964539
'Muñoz','PIN',2013-08-06 2014-02-02,CR,2014,0.002135,1928,1777,0.520377867746289
'Echandi','PAN',2013-08-06 2014-02-02,CR,2014,0.00148,941,759,0.553529411764706
'Chinchilla','LN',2009-08-11 2010-02-07,CR,2010,0.467797,926,1055,0.467440686521959
'Solís','AC',2009-08-11 2010-02-07,CR,2010,0.251528,1148,1040,0.524680073126143
'Guevara','ML',2009-08-11 2010-02-07,CR,2010,0.20825,1158,1176,0.496143958868895
'Fishman','PUSC',2009-08-11 2010-02-07,CR,2010,0.038629,840,1061,0.441872698579695
'López','PAE',2009-08-11 2010-02-07,CR,2010,0.019071,564,894,0.386831275720165
'González','RC',2009-08-11 2010-02-07,CR,2010,0.007244,1089,1230,0.469598965071151
'Trejos','FA',2009-08-11 2010-02-07,CR,2010,0.003694,898,1212,0.425592417061611
'Araya','AP',2009-08-11 2010-02-07,CR,2010,0.002055,855,777,0.523897058823529
'Muñoz','IN',2009-08-11 2010-02-07,CR,2010,0.001732,964,851,0.531129476584022
'Arias','PLN',2005-08-09 2006-02-05,CR,2006,0.409208,921,662,0.581806696146557
'Solís','PAC',2005-08-09 2006-02-05,CR,2006,0.39802,1111,957,0.537234042553192
'Guevara','ML',2005-08-09 2006-02-05,CR,2006,0.084797,666,424,0.611009174311927
'Toledo','PUSC',2005-08-09 2006-02-05,CR,2006,0.035502,1193,1227,0.49297520661157
'Álvarez','UPC',2005-08-09 2006-02-05,CR,2006,0.024358,594,929,0.390019697964544
'Echandi','PUN',2005-08-09 2006-02-05,CR,2006,0.016375,823,937,0.467613636363636
'Vargas','PP',2005-08-09 2006-02-05,CR,2006,0.010834,987,742,0.57085020242915
'Serrano','RC',2005-08-09 2006-02-05,CR,2006,0.009568,1265,824,0.605552896122547
'Muñoz','IN',2005-08-09 2006-02-05,CR,2006,0.003163,735,539,0.576923076923077
'Villalobor','AND',2005-08-09 2006-02-05,CR,2006,0.00226,0,1254,0
'Cruz','FD',2005-08-09 2006-02-05,CR,2006,0.00186,1001,1026,0.493833251110015
'Mejia','RN',2005-08-09 2006-02-05,CR,2006,0.001496,1365,1065,0.561728395061729
'Vargas','CUI',2005-08-09 2006-02-05,CR,2006,0.001411,987,630,0.61038961038961
'Arce','UP',2005-08-09 2006-02-05,CR,2006,0.001148,823,624,0.568762957843815
'Abinader','PRM',2020-01-07 2020-07-05,DO,2020,0.525152729537849,502,1173,0.299701492537313
'Castillo','PLD',2020-01-07 2020-07-05,DO,2020,0.374583631058857,1885,1728,0.521727096595627
'Fernández','FP',2020-01-07 2020-07-05,DO,2020,0.0890081523990747,1270,904,0.584176632934683
'Moreno','ALPAIS',2020-01-07 2020-07-05,DO,2020,0.00961608760880182,1905,1204,0.612737214538437
'Reyes','PDI',2020-01-07 2020-07-05,DO,2020,0.000848334962903319,875,735,0.543478260869565
'Cohen','PNVC',2020-01-07 2020-07-05,DO,2020,0.000791064432514844,730,578,0.558103975535168
'Medina','PLD',2015-11-17 2016-05-15,DO,2016,0.619590136824148,393,372,0.513725490196078
'Abinader','PRM',2015-11-17 2016-05-15,DO,2016,0.351030097831007,1037,1195,0.464605734767025
'Moreno','ALPAIS',2015-11-17 2016-05-15,DO,2016,0.0183648556905616,1137,674,0.627829928216455
'Wessin','PQDC',2015-11-17 2016-05-15,DO,2016,0.00444395606308533,1032,907,0.532233109850438
'Tavarez','Alianza por la Democrácia',2015-11-17 2016-05-15,DO,2016,0.00353723496849215,1194,0,1
'De Camps','PSRD',2015-11-17 2016-05-15,DO,2016,0.00179821049333287,890,0,1
'Aquino','Unidad Nacional',2015-11-17 2016-05-15,DO,2016,0.00123550812937367,565,793,0.416053019145803
'Medina','PLD',2011-11-22 2012-05-20,DO,2012,0.512125,1086,1146,0.486559139784946
'Mejia','PRD',2011-11-22 2012-05-20,DO,2012,0.469524,1510,2544,0.372471632955106
'Moreno','ALPAIS',2011-11-22 2012-05-20,DO,2012,0.013731,1214,889,0.577270565858298
'Estrella','DxC',2011-11-22 2012-05-20,DO,2012,0.002059,1236,1074,0.535064935064935
'Serulle','FA',2011-11-22 2012-05-20,DO,2012,0.001444,1519,1380,0.52397378406347
'Puig','Alianza por la Democrácia',2011-11-22 2012-05-20,DO,2012,0.001117,1983,0,1
'Fernández','PLD',2008-02-18 2008-08-16,DO,2008,0.538288,988,1351,0.422402736212056
'Vargas','PRD',2008-02-18 2008-08-16,DO,2008,0.404759,1628,1405,0.536762281569403
'Aristy','PRSC',2008-02-18 2008-08-16,DO,2008,0.045918,798,946,0.45756880733945
'Estrella','PRSD',2008-02-18 2008-08-16,DO,2008,0.004725,1346,1129,0.543838383838384
'Moreno','MIUC',2008-02-18 2008-08-16,DO,2008,0.004438,1576,0,1
'Candelier','PAP',2008-02-18 2008-08-16,DO,2008,0.001497,1182,1652,0.417078334509527
'Santana','PRI',2008-02-18 2008-08-16,DO,2008,0.000375,1013,1177,0.462557077625571
'Fernández','PLD',2004-01-01 2004-05-16,DO,2004,0.571124,823,475,0.634052388289677
'Mejía','PRD',2004-01-01 2004-05-16,DO,2004,0.336477,103,142,0.420408163265306
'Estrella','PRSC',2004-01-01 2004-05-16,DO,2004,0.086475,121,56,0.68361581920904
'Lasso','CREO',2020-11-22 2021-05-21,EC,2021,0.197386247720834,1179,429,0.733208955223881
'Arauz','UNES',2020-11-22 2021-05-21,EC,2021,0.327198002078077,1093,176,0.861308116627266
'Pérez','MUPP',2020-11-22 2021-05-21,EC,2021,0.193922606409769,1181,897,0.568334937439846
'Hervas','ID',2020-11-22 2021-05-21,EC,2021,0.156806478492206,644,257,0.714761376248613
'Freile','AMIGO',2020-11-22 2021-05-21,EC,2021,0.0207897210040429,1092,1208,0.474782608695652
'Romero','Avanza',2020-11-22 2021-05-21,EC,2021,0.0186274122808437,1446,1332,0.520518358531318
'Gutiérrez','PSP',2020-11-22 2021-05-21,EC,2021,0.0177738778783598,1042,1057,0.496426869938066
'Almeida','EU',2020-11-22 2021-05-21,EC,2021,0.0173178830017232,1923,1348,0.587893610516662
'Peña','PAIS',2020-11-22 2021-05-21,EC,2021,0.0154399778948179,1436,1617,0.470357025876187
'Celi','SUMA',2020-11-22 2021-05-21,EC,2021,0.00912852562878868,988,1338,0.424763542562339
'Velasco','Construye',2020-11-22 2021-05-21,EC,2021,0.00823433132363406,1422,1470,0.491701244813278
'Montúfar','Alianza Honestidad',2020-11-22 2021-05-21,EC,2021,0.00621438618538284,1135,1387,0.450039651070579
'Larrea','Democracia SI',2020-11-22 2021-05-21,EC,2021,0.00398003286010384,1195,1412,0.458381281166091
'Sagnay','Fuerza EC',2020-11-22 2021-05-21,EC,2021,0.00286064524784961,1056,0,1
'Andrade','Unión Ecuatoriana',2020-11-22 2021-05-21,EC,2021,0.00218344755854001,1643,943,0.635344160866203
'Carrasco','Juntos Podemos',2020-11-22 2021-05-21,EC,2021,0.00213642443502688,1229,1073,0.53388357949609
'Moreno','Alianza PAIS',2016-11-25 2017-05-24,EC,2017,0.393576379971607,1246,757,0.622066899650524
'Lasso','CREO',2016-11-25 2017-05-24,EC,2017,0.280900651787478,1115,444,0.715202052597819
'Viteri','PSC',2016-11-25 2017-05-24,EC,2017,0.163188119241789,1598,1339,0.544092611508342
'Moncayo','ANC',2016-11-25 2017-05-24,EC,2017,0.0671467657647687,1118,1221,0.47798204360838
'Bucaram','Fuerza EC',2016-11-25 2017-05-24,EC,2017,0.0482062209193651,1611,0,1
'Espinel','FCS',2016-11-25 2017-05-24,EC,2017,0.0317543191709395,2071,1190,0.63508126341613
'Zuquilanda','PSP',2016-11-25 2017-05-24,EC,2017,0.00769701228330012,1513,1285,0.540743388134382
'Pesantez','UE',2016-11-25 2017-05-24,EC,2017,0.00753053086075238,892,1082,0.451874366767984
'Correa','Alianza PAIS',2012-08-21 2013-02-17,EC,2013,0.571743,2069,1811,0.533247422680412
'Lasso','CREO',2012-08-21 2013-02-17,EC,2013,0.226804,1098,1256,0.466440101954121
'Gutiérrez','PSP',2012-08-21 2013-02-17,EC,2013,0.067291,1102,804,0.578174186778594
'Rodas','SUMA',2012-08-21 2013-02-17,EC,2013,0.039004,1226,1023,0.545131169408626
'Noboa','PRIAN',2012-08-21 2013-02-17,EC,2013,0.037193,1369,1369,0.5
'Acosta','UPI',2012-08-21 2013-02-17,EC,2013,0.032611,1382,1233,0.52848948374761
'Wray','Ruptura 25',2012-08-21 2013-02-17,EC,2013,0.01308,995,1099,0.475167144221586
'Zavala','PRE',2012-08-21 2013-02-17,EC,2013,0.012274,833,1099,0.431159420289855
'Correa','Alianza PAIS',2008-10-28 2009-04-26,EC,2009,0.519931,1416,1008,0.584158415841584
'Gutiérrez','PSP',2008-10-28 2009-04-26,EC,2009,0.28238,980,792,0.553047404063205
'Noboa','PRIAN',2008-10-28 2009-04-26,EC,2009,0.114052,765,749,0.505284015852048
'Roldós','RED',2008-10-28 2009-04-26,EC,2009,0.043312,592,481,0.551724137931035
'Sagñay','MTM',2008-10-28 2009-04-26,EC,2009,0.015668,825,933,0.469283276450512
'Jácome','MTF',2008-10-28 2009-04-26,EC,2009,0.013504,900,1018,0.469238790406674
'Delgado','MITS',2008-10-28 2009-04-26,EC,2009,0.006266,1272,952,0.571942446043166
'González','MIJS',2008-10-28 2009-04-26,EC,2009,0.004888,877,709,0.55296343001261
'Noboa','PRIAN',2006-04-18 2006-10-15,EC,2006,0.268295,1117,1372,0.448774608276416
'Correa','Alianza PAIS',2006-04-18 2006-10-15,EC,2006,0.228366,869,697,0.554916985951469
'Gutiérrez','PSP',2006-04-18 2006-10-15,EC,2006,0.174233,863,566,0.603918824352694
'Roldós','ID',2006-04-18 2006-10-15,EC,2006,0.148372,1066,1066,0.5
'Viteri','PSC',2006-04-18 2006-10-15,EC,2006,0.096329,1380,989,0.58252427184466
'Macas','Pachakutik',2006-04-18 2006-10-15,EC,2006,0.02191,1061,926,0.533970810266734
'Rosero','PRE',2006-04-18 2006-10-15,EC,2006,0.020764,776,850,0.477244772447724
'Proaño','MRD',2006-04-18 2006-10-15,EC,2006,0.014229,999,830,0.546200109349371
'Villacís','MDP',2006-04-18 2006-10-15,EC,2006,0.013332,1015,900,0.530026109660574
'Damerval','CFP',2006-04-18 2006-10-15,EC,2006,0.004633,967,1020,0.486663311524912
'Larrea','ATR',2006-04-18 2006-10-15,EC,2006,0.004257,935,1051,0.47079556898288
'Torres','MRPP',2006-04-18 2006-10-15,EC,2006,0.002814,1112,0,1
'Sagñay','INA',2006-04-18 2006-10-15,EC,2006,0.002465,1069,719,0.597874720357942
'Bukele','GANA',2018-08-07 2019-02-03,SV,2019,0.531044222843337,1024,1521,0.402357563850688
'Calleja','ARENA',2018-08-07 2019-02-03,SV,2019,0.317194383912075,649,792,0.450381679389313
'Martíez','FMLN',2018-08-07 2019-02-03,SV,2019,0.144076948813302,0,1790,0
'Alvarado','Vamos',2018-08-07 2019-02-03,SV,2019,0.00768444443128523,1179,1521,0.436666666666667
'Sancez','FMLN',2013-08-06 2014-02-02,SV,2014,0.489327,0,1745,0
'Quijano','ARENA',2013-08-06 2014-02-02,SV,2014,0.389594,1052,980,0.517716535433071
'Saca','Unidad',2013-08-06 2014-02-02,SV,2014,0.114396,716,1098,0.39470782800441
'Rodriguez','PSP',2013-08-06 2014-02-02,SV,2014,0.004208,751,1262,0.373075012419275
'Lemus','FPS',2013-08-06 2014-02-02,SV,2014,0.002476,1335,874,0.604345857854233
'Funes','FMLN',2008-09-16 2009-03-15,SV,2009,0.513153,901,782,0.535353535353535
'Avila','ARENA',2008-09-16 2009-03-15,SV,2009,0.486847,932,1253,0.426544622425629
'Saca','ARENA',2004-01-01 2004-03-21,SV,2004,0.577147,351,305,0.535060975609756
'Handal','FMLN',2004-01-01 2004-03-21,SV,2004,0.356763,246,206,0.544247787610619
'Silva','PDC',2004-01-01 2004-03-21,SV,2004,0.038963,305,413,0.424791086350975
'Machuca','PCN',2004-01-01 2004-03-21,SV,2004,0.027127,319,368,0.464337700145561
'Giammattei','Vamos',2018-12-18 2019-06-16,GT,2019,0.139590665902208,962,1011,0.487582361885454
'Torres','UNES',2018-12-18 2019-06-16,GT,2019,0.255278881246826,1065,959,0.526185770750988
'Mulet','PHG',2018-12-18 2019-06-16,GT,2019,0.112156533418327,800,487,0.621600621600622
'Cabrera','MLP',2018-12-18 2019-06-16,GT,2019,0.103691636313374,837,743,0.529746835443038
'Arzú','PAN',2018-12-18 2019-06-16,GT,2019,0.0608003993858261,1267,1682,0.429637165140726
'Franchi','VIVA',2018-12-18 2019-06-16,GT,2019,0.0590180764825676,500,906,0.355618776671408
'Cillacorta','WINAQ',2018-12-18 2019-06-16,GT,2019,0.0522270624817846,0,787,0
'Galdámez','FCN',2018-12-18 2019-06-16,GT,2019,0.0411691583571166,593,718,0.452326468344775
'Estrada','CREO',2018-12-18 2019-06-16,GT,2019,0.0375299459801571,957,853,0.528729281767956
'Cabrera','Todos',2018-12-18 2019-06-16,GT,2019,0.0313270530700285,837,1029,0.448553054662379
'Rivera','Victoria',2018-12-18 2019-06-16,GT,2019,0.0254121962719443,694,500,0.581239530988275
'Ceto','URNG',2018-12-18 2019-06-16,GT,2019,0.0215601963646978,825,1095,0.4296875
'Duarte','Unionista',2018-12-18 2019-06-16,GT,2019,0.0143379238757157,926,1648,0.35975135975136
'Marroquín','Encuentro por Guatemala',2018-12-18 2019-06-16,GT,2019,0.0114614274860563,1354,1605,0.457587022642785
'García','Libre',2018-12-18 2019-06-16,GT,2019,0.00947813858197117,1041,1793,0.367325335215243
'Morales','Convergencia',2018-12-18 2019-06-16,GT,2019,0.00857879299456164,1171,1461,0.444908814589666
'Velázquez','Unidos',2018-12-18 2019-06-16,GT,2019,0.00613173639626131,1177,1460,0.446340538490709
'Chea','PPT',2018-12-18 2019-06-16,GT,2019,0.00543312947257337,1301,1360,0.48891394212702
'Roca','Avanza',2018-12-18 2019-06-16,GT,2019,0.00481704591800314,1241,1390,0.471683770429495
'Morales','FCN Nacion',2015-03-10 2015-09-06,GT,2015,0.238461,1059,916,0.53620253164557
'Torres','UNE',2015-03-10 2015-09-06,GT,2015,0.197638,901,1386,0.393965894184521
'Baldizón','LIDER',2015-03-10 2015-09-06,GT,2015,0.196421,1322,2495,0.346345297353943
'Giammattei','Fuerza',2015-03-10 2015-09-06,GT,2015,0.064523,851,998,0.460248783126014
'Ríos','VIVA',2015-03-10 2015-09-06,GT,2015,0.058933,960,1176,0.449438202247191
'Sosa','Todos',2015-03-10 2015-09-06,GT,2015,0.05329,1848,1953,0.486187845303867
'García','PP',2015-03-10 2015-09-06,GT,2015,0.046255,2429,1707,0.587282398452611
'González','CREO',2015-03-10 2015-09-06,GT,2015,0.034474,1214,1868,0.393900064892927
'Estrada','UCN',2015-03-10 2015-09-06,GT,2015,0.034463,1154,958,0.546401515151515
'Gutiérrez','PAN',2015-03-10 2015-09-06,GT,2015,0.030988,988,990,0.499494438827098
'Sandoval','WINAQ',2015-03-10 2015-09-06,GT,2015,0.021107,1691,1246,0.575757575757576
'López','Encuentro por Guatemala',2015-03-10 2015-09-06,GT,2015,0.009064,1220,1742,0.411883862255233
'Pérez','PRI',2015-03-10 2015-09-06,GT,2015,0.008575,1424,1555,0.478012755958375
'García','MNR',2015-03-10 2015-09-06,GT,2015,0.005809,2429,1500,0.618223466530924
'Perez Molina','PP',2011-03-15 2011-09-11,GT,2011,0.360146,1538,1135,0.575383464272353
'Baldizón','LIDER',2011-03-15 2011-09-11,GT,2011,0.232043,995,1405,0.414583333333333
'Suger','CREO',2011-03-15 2011-09-11,GT,2011,0.16378,1126,1434,0.43984375
'Estrada','UCN',2011-03-15 2011-09-11,GT,2011,0.085739,1109,1452,0.433033971105037
'Caballeros','VIVA',2011-03-15 2011-09-11,GT,2011,0.061565,1846,2024,0.477002583979328
'Menchu','WINAQ',2011-03-15 2011-09-11,GT,2011,0.032708,1196,1075,0.526640246587406
'Gutierrez','PAN',2011-03-15 2011-09-11,GT,2011,0.027634,732,1053,0.410084033613445
'De Arzu','PUNTO',2011-03-15 2011-09-11,GT,2011,0.021763,910,1190,0.433333333333333
'Giammettei','CASA',2011-03-15 2011-09-11,GT,2011,0.010369,0,1535,0
'De Torrebiarte','ADN',2011-03-15 2011-09-11,GT,2011,0.004255,1817,1702,0.516339869281046
'Colom','UNE',2007-03-13 2007-09-09,GT,2007,0.282339,873,712,0.550788643533123
'Perez Molina','PP',2007-03-13 2007-09-09,GT,2007,0.235071,994,989,0.501260716086737
'Giammattei','GANA',2007-03-13 2007-09-09,GT,2007,0.172306,584,806,0.420143884892086
'Suger','CASA',2007-03-13 2007-09-09,GT,2007,0.074513,1203,1281,0.484299516908213
'Rabbe','FRG',2007-03-13 2007-09-09,GT,2007,0.072916,862,933,0.480222841225627
'Estrada','UCN',2007-03-13 2007-09-09,GT,2007,0.03158,678,1116,0.377926421404682
'Menchu','EG',2007-03-13 2007-09-09,GT,2007,0.030883,684,862,0.442432082794308
'Gracía Gallont','PU',2007-03-13 2007-09-09,GT,2007,0.029185,0,739,0
'Castañeda','PAN',2007-03-13 2007-09-09,GT,2007,0.025552,581,763,0.432291666666667
'Sandoval','URNG-Maiz',2007-03-13 2007-09-09,GT,2007,0.021362,1702,0,1
'Conde Orellana','UD',2007-03-13 2007-09-09,GT,2007,0.007612,1128,896,0.557312252964427
'Monsanto','ANN',2007-03-13 2007-09-09,GT,2007,0.005907,558,705,0.441805225653207
'Rosales','DIA',2007-03-13 2007-09-09,GT,2007,0.005736,1451,1289,0.52956204379562
'Cerezo','DCG',2007-03-13 2007-09-09,GT,2007,0.005038,651,0,1
'Castro','Libre',2021-06-01 2021-11-28,HN,2021,0.511246546734075,971,1308,0.426064063185608
'Asfura','PNH',2021-06-01 2021-11-28,HN,2021,0.369339018770698,929,752,0.552647233789411
'Rosenthal','PLH',2021-06-01 2021-11-28,HN,2021,0.0999871056234074,1923,1225,0.610864040660737
'Ávila','Honduras Humana',2021-06-01 2021-11-28,HN,2021,0.00263754026514769,1509,1312,0.534916696207019
'Portillo','Demócrata Cristiano',2021-06-01 2021-11-28,HN,2021,0.00211521378608378,862,0,1
'Vásquez','APH',2021-06-01 2021-11-28,HN,2021,0.00195232177693443,961,1031,0.482429718875502
'Pérez','El Frente',2021-06-01 2021-11-28,HN,2021,0.00180253259850276,921,968,0.487559555320275
'Amado','PNR',2021-06-01 2021-11-28,HN,2021,0.00176024619027752,1990,0,1
'Mira','UNOH',2021-06-01 2021-11-28,HN,2021,0.00170068786883352,1328,1506,0.468595624558927
'Oniel','TSH',2021-06-01 2021-11-28,HN,2021,0.00160271443005813,1164,1109,0.512098548174219
'Díaz','UD',2021-06-01 2021-11-28,HN,2021,0.00151307915628491,1894,1132,0.625908790482485
'López','PAC',2021-06-01 2021-11-28,HN,2021,0.00124506670978689,1548,1621,0.488482171031871
'Coto','Vamos',2021-06-01 2021-11-28,HN,2021,0.00112207877600502,1174,1110,0.514010507880911
'Viana','Lidehr',2021-06-01 2021-11-28,HN,2021,0.00100087759186648,1208,807,0.599503722084367
'Orellana','MIDE',2021-06-01 2021-11-28,HN,2021,0.000974969722038336,971,1499,0.393117408906883
'Hernández','PNH',2017-05-15 2017-11-11,HN,2017,0.429532767640555,1301,1170,0.52650748684743
'Nasralla','Libre-PINU',2017-05-15 2017-11-11,HN,2017,0.414174914999951,1379,0,1
'Zelaya','PLH',2017-05-15 2017-11-11,HN,2017,0.14740658519002,1227,891,0.579320113314448
'Vásquez','Alianza Patriótica',2017-05-15 2017-11-11,HN,2017,0.00198404483326352,1463,0,1
'Alvarenga','PAC',2017-05-15 2017-11-11,HN,2017,0.00182147310686138,942,1579,0.373661245537485
'Aguilera','Demócrata Cristiano',2017-05-15 2017-11-11,HN,2017,0.00179620446773895,1246,0,1
'Diaz','PUD',2017-05-15 2017-11-11,HN,2017,0.00141047716932789,1317,0,1
'Fonseca','FA',2017-05-15 2017-11-11,HN,2017,0.000959294962346683,1777,1120,0.613393165343459
'Vallencio','Vamos',2017-05-15 2017-11-11,HN,2017,0.000914237629935605,0,1206,0
'Hernández','PNH',2013-05-28 2013-11-24,HN,2013,0.368904,760,1293,0.370189965903556
'Castro','Libre',2013-05-28 2013-11-24,HN,2013,0.287759,1409,876,0.616630196936543
'Villeda','PLH',2013-05-28 2013-11-24,HN,2013,0.202963,827,1426,0.367066134043498
'Nasralla','PAC',2013-05-28 2013-11-24,HN,2013,0.134312,1320,821,0.616534329752452
'Vásquez','APH',2013-05-28 2013-11-24,HN,2013,0.00196,1434,1232,0.53788447111778
'Solís','Demócrata Cristiano',2013-05-28 2013-11-24,HN,2013,0.001667,632,0,1
'Aguilar','PINU',2013-05-28 2013-11-24,HN,2013,0.001434,1137,1145,0.498247151621385
'Pavón','PUD',2013-05-28 2013-11-24,HN,2013,0.001001,1045,0,1
'Lobo','PNH',2009-06-02 2009-11-29,HN,2009,0.565558,845,689,0.550847457627119
'Santos','PLH',2009-06-02 2009-11-29,HN,2009,0.38095,1002,1252,0.444543034605146
'Martínez','PINU',2009-06-02 2009-11-29,HN,2009,0.018621,1462,1218,0.545522388059702
'Ávila','Demócrata Cristiano',2009-06-02 2009-11-29,HN,2009,0.0179,909,0,1
'Ham','PUD',2009-06-02 2009-11-29,HN,2009,0.016971,1658,0,1
'Selaya','PLH',2005-05-31 2005-11-27,HN,2005,0.499027,1045,1255,0.454347826086957
'Lobo','PNH',2005-05-31 2005-11-27,HN,2005,0.462181,702,548,0.5616
'Almendares','PUD',2005-05-31 2005-11-27,HN,2005,0.014863,1425,0,1
'Martínez','Demócrata Cristiano',2005-05-31 2005-11-27,HN,2005,0.013893,1200,0,1
'Sosa','PINU',2005-05-31 2005-11-27,HN,2005,0.010037,688,943,0.421827099938688
'López Obrador','MORENA',2018-01-02 2018-07-01,MX,2018,0.547120832113234,224,2106,0.096137339055794
'Anaya','PAN',2018-01-02 2018-07-01,MX,2018,0.229108647028566,1673,2661,0.386017535763729
'Meade','PRI',2018-01-02 2018-07-01,MX,2018,0.168783933215883,1087,4692,0.18809482609448
'Peña Nieto','PRI',2012-01-03 2012-07-01,MX,2012,0.391728,1141,3895,0.226568705321684
'López Obrador','PRD',2012-01-03 2012-07-01,MX,2012,0.323887,172,3747,0.0438887471293697
'Vazquez','PAN',2012-01-03 2012-07-01,MX,2012,0.260516,150,649,0.187734668335419
'Quadri','PANAL',2012-01-03 2012-07-01,MX,2012,0.023444,1090,558,0.661407766990291
'Calderón','PAN',2006-01-03 2006-07-02,MX,2006,0.366874,810,2060,0.282229965156794
'López Obrador','Alianza por el Bien de Todos',2006-01-03 2006-07-02,MX,2006,0.360908,847,891,0.487341772151899
'Madrazo','Alianza por México',2006-01-03 2006-07-02,MX,2006,0.227493,3501,836,0.807240027668896
'Mercado','PASC',2006-01-03 2006-07-02,MX,2006,0.027609,2196,851,0.720708893994093
'Campa','PANAL',2006-01-03 2006-07-02,MX,2006,0.009827,1982,1508,0.567908309455587
'Ortega','FSLN',2021-05-11 2021-11-07,NI,2021,0.759174105863671,1674,1234,0.575653370013755
'Espinoza','PLC',2021-05-11 2021-11-07,NI,2021,0.14150859335861,865,1058,0.449817992719709
'Osorno','CCN',2021-05-11 2021-11-07,NI,2021,0.0330206066835385,1226,1614,0.43169014084507
'Gutierrez','APRE',2021-05-11 2021-11-07,NI,2021,0.0314977049253061,879,1080,0.448698315467075
'Orué','PLI',2021-05-11 2021-11-07,NI,2021,0.017803420336044,0,1452,0
'Montiel','ALN',2021-05-11 2021-11-07,NI,2021,0.0169955688328302,796,987,0.446438586651711
'Ortega','FSLN',2016-05-10 2016-11-06,NI,2016,0.724415804377167,1350,1591,0.459027541652499
'Rodríguez','PLC',2016-05-10 2016-11-06,NI,2016,0.150323463817523,808,959,0.45727221279004
'Alvarado','PLI',2016-05-10 2016-11-06,NI,2016,0.0451341691186082,963,1357,0.415086206896552
'Cerrato','ALN',2016-05-10 2016-11-06,NI,2016,0.0430611457684261,1126,881,0.561036372695566
'Cabezas','PC',2016-05-10 2016-11-06,NI,2016,0.0230306077687452,1180,1116,0.513937282229965
'Canales','APRE',2016-05-10 2016-11-06,NI,2016,0.0140348091495311,1364,1221,0.527659574468085
'Ortega','FSLN',2011-05-10 2011-11-06,NI,2011,0.624571,741,655,0.53080229226361
'Gadea','PLI',2011-05-10 2011-11-06,NI,2011,0.309995,1170,1355,0.463366336633663
'Aleman','PLC',2011-05-10 2011-11-06,NI,2011,0.059105,1586,1060,0.599395313681028
'Quiñonez','ALN',2011-05-10 2011-11-06,NI,2011,0.003981,1310,1158,0.530794165316045
'García','APRE',2011-05-10 2011-11-06,NI,2011,0.002347,1274,1754,0.420739762219287
'Ortega','FSLN',2006-05-09 2006-11-05,NI,2006,0.379944,1047,761,0.579092920353982
'Montealegre','ALN',2006-05-09 2006-11-05,NI,2006,0.283035,1376,1347,0.50532500918105
'Castellón','PLC',2006-05-09 2006-11-05,NI,2006,0.27113,1142,1242,0.479026845637584
'Jarquín','MRS',2006-05-09 2006-11-05,NI,2006,0.062953,474,616,0.434862385321101
'Pastora','AC',2006-05-09 2006-11-05,NI,2006,0.002939,1066,1093,0.493747105141269
'Cortizo','PRD',2018-11-06 2019-05-05,PA,2019,0.333519780823256,1368,1327,0.50760667903525
'Roux','CD',2018-11-06 2019-05-05,PA,2019,0.309970902994544,1253,1465,0.461000735835173
'Blandón','Panameñista',2018-11-06 2019-05-05,PA,2019,0.108372476278841,1062,927,0.53393665158371
'Méndez','FAD',2018-11-06 2019-05-05,PA,2019,0.00689126209342699,1361,1277,0.515921152388173
'Varela','Panameñista',2013-11-05 2014-05-04,PA,2014,0.390875,1055,552,0.656502800248911
'Arias','CD',2013-11-05 2014-05-04,PA,2014,0.313789,1059,898,0.541134389371487
'Navarro','PRD',2013-11-05 2014-05-04,PA,2014,0.281438,1207,1360,0.470198675496689
'López','FAD',2013-11-05 2014-05-04,PA,2014,0.006001,1244,1037,0.545374835598422
'Martinelli','CD',2008-11-04 2009-05-03,PA,2009,0.600301,1563,848,0.648278722521775
'Herrera','PRD',2008-11-04 2009-05-03,PA,2009,0.37646,1172,1042,0.529358626919603
'Endara','Vanguardia Moral',2008-11-04 2009-05-03,PA,2009,0.023239,1135,0,1
'Torrijos','PRD',2004-01-01 2004-05-02,PA,2004,0.474411,327,284,0.53518821603928
'Endara','PS',2004-01-01 2004-05-02,PA,2004,0.308746,452,428,0.513636363636364
'Alemán','Arnulfista',2004-01-01 2004-05-02,PA,2004,0.163816,212,312,0.404580152671756
'Martinelli','CD',2004-01-01 2004-05-02,PA,2004,0.053028,411,509,0.446739130434783
'Abdo','Partido Colorado',2017-10-24 2018-04-22,PY,2018,0.489586314427664,605,670,0.474509803921569
'Alegre','Partido Liberal',2017-10-24 2018-04-22,PY,2018,0.450777591182415,936,974,0.490052356020942
'Ybañez','Partido Verde',2017-10-24 2018-04-22,PY,2018,0.0341169120754262,1479,1447,0.505468215994532
'Anzoategui','Artistas',2017-10-24 2018-04-22,PY,2018,0.00628795250221134,1712,1714,0.499708114419148
'Galeano','Patria Libre',2017-10-24 2018-04-22,PY,2018,0.00402201635841898,1185,646,0.647187329328236
'Benitez','Reserva Patriótica',2017-10-24 2018-04-22,PY,2018,0.0037999692300323,924,0,1
'Almada','Frente Amplio',2017-10-24 2018-04-22,PY,2018,0.00348699238179441,1143,1341,0.460144927536232
'Enriquez','Soberanía Nacional',2017-10-24 2018-04-22,PY,2018,0.00295968119390722,1127,1514,0.426732298371829
'Ferreira','Unamonos',2017-10-24 2018-04-22,PY,2018,0.00255536868956878,890,1254,0.415111940298507
'Ortega','Herederos',2017-10-24 2018-04-22,PY,2018,0.00240720195856122,1199,852,0.584592881521209
'Cartes','Partido COlorado',2012-10-23 2013-04-21,PY,2013,0.484766,1240,1243,0.499395892066049
'Alegre','Paraguay Alegre',2012-10-23 2013-04-21,PY,2013,0.390498,1070,675,0.613180515759312
'Ferreiro','Avanza País',2012-10-23 2013-04-21,PY,2013,0.062218,1220,0,1
'Carrillo','Frente Guasu',2012-10-23 2013-04-21,PY,2013,0.034935,897,885,0.503367003367003
'Carrizosa','Patria Querida',2012-10-23 2013-04-21,PY,2013,0.011865,1085,963,0.52978515625
'Sánchez','UNACE',2012-10-23 2013-04-21,PY,2013,0.008524,543,1090,0.332516840171464
'Ferreira','Humanista',2012-10-23 2013-04-21,PY,2013,0.001872,1409,1594,0.469197469197469
'Soto','Kuña Pyrenda',2012-10-23 2013-04-21,PY,2013,0.001723,1174,659,0.640480087288598
'Arce','PT',2012-10-23 2013-04-21,PY,2013,0.001322,667,803,0.453741496598639
'Almada','Partido Blanco',2012-10-23 2013-04-21,PY,2013,0.001215,1724,0,1
'Galeano','Patria Libre',2012-10-23 2013-04-21,PY,2013,0.001061,1208,1300,0.481658692185008
'Lugo','Alianza Patriótica',2007-10-23 2008-04-20,PY,2008,0.423992,1371,0,1
'Ovelar','Partido Colorado',2007-10-23 2008-04-20,PY,2008,0.317506,986,1049,0.484520884520885
'Oviedo','UNACE',2007-10-23 2008-04-20,PY,2008,0.227364,864,961,0.473424657534247
'Fadul','Patria Querida',2007-10-23 2008-04-20,PY,2008,0.024372,1313,1285,0.505388760585066
'Martínez','Partido Humanista',2007-10-23 2008-04-20,PY,2008,0.00373,826,0,1
'Galeano','Teta Pyahu',2007-10-23 2008-04-20,PY,2008,0.001704,1692,0,1
'Lopez','PT',2007-10-23 2008-04-20,PY,2008,0.001333,1116,1198,0.48228176318064
'Castillo','Perú Libre',2020-10-13 2021-04-11,PE,2021,0.189210610924661,393,182,0.683478260869565
'Fujimori','Fuerza Popular',2020-10-13 2021-04-11,PE,2021,0.13407482867069,2272,1644,0.580183861082738
'Lopez','Renovación Popular',2020-10-13 2021-04-11,PE,2021,0.117514233752273,1523,63,0.960277427490542
'De Soto','Avanza País',2020-10-13 2021-04-11,PE,2021,0.116258872007683,531,102,0.838862559241706
'Lescano','Acción Popular',2020-10-13 2021-04-11,PE,2021,0.0907104758611255,1352,481,0.73758865248227
'Mendoza','Juntos',2020-10-13 2021-04-11,PE,2021,0.0786477397169429,787,419,0.65257048092869
'Acuña','Alianza para el progreso',2020-10-13 2021-04-11,PE,2021,0.060207435369147,1334,771,0.633729216152019
'Forsyth','Victoria Nacional',2020-10-13 2021-04-11,PE,2021,0.0565611365613866,1159,765,0.602390852390852
'Urresti','Podemos',2020-10-13 2021-04-11,PE,2021,0.0564364892369292,667,544,0.550784475639967
'Guzmán','Morado',2020-10-13 2021-04-11,PE,2021,0.0226106774495283,174,447,0.280193236714976
'Beingolea','PPC',2020-10-13 2021-04-11,PE,2021,0.0198912825341669,1285,1208,0.51544324107501
'Salaverry','Somos Perú',2020-10-13 2021-04-11,PE,2021,0.0166821868209932,1173,1415,0.453245749613601
'Humala','PNP',2020-10-13 2021-04-11,PE,2021,0.0160292292767747,1885,755,0.714015151515152
'Vega','UPP',2020-10-13 2021-04-11,PE,2021,0.00703212290017867,1625,948,0.631558492032647
'Gálvez','RUNA',2020-10-13 2021-04-11,PE,2021,0.00620639513687943,1205,1926,0.384861066751836
'Arana','Frente Amplio',2020-10-13 2021-04-11,PE,2021,0.00453452383680436,248,679,0.267529665587918
'Santos','Patria Segura',2020-10-13 2021-04-11,PE,2021,0.00386399761677093,615,285,0.683333333333333
'Alcántara','Democracia Directa',2020-10-13 2021-04-11,PE,2021,0.00352776232706486,1592,1471,0.519751877244532
'Fujimori','Fuerza Popular',2015-10-13 2016-04-10,PE,2016,0.398632072725789,1542,1122,0.578828828828829
'Kuczynski','PPK',2015-10-13 2016-04-10,PE,2016,0.210471375657971,218,547,0.284967320261438
'Mendoza','Frente Amplio',2015-10-13 2016-04-10,PE,2016,0.187412855277816,690,680,0.503649635036496
'Barnechea','Acción Popular',2015-10-13 2016-04-10,PE,2016,0.0697099107876635,1923,966,0.665628245067497
'García','APRA',2015-10-13 2016-04-10,PE,2016,0.0582965882391057,724,1044,0.409502262443439
'Santos','Democracia Directa',2015-10-13 2016-04-10,PE,2016,0.0399717916580048,1565,1417,0.524815560026828
'Olivera','Frente Esperanza',2015-10-13 2016-04-10,PE,2016,0.0132399678412385,1036,717,0.590986879634912
'Toledo','Perú Posible',2015-10-13 2016-04-10,PE,2016,0.0130384703714952,2109,1443,0.59375
'Hilario','Progresando Perú',2015-10-13 2016-04-10,PE,2016,0.00494584698460764,2084,0,1
'Flores','Orden',2015-10-13 2016-04-10,PE,2016,0.00428112045630865,1735,1428,0.548529876699336
'Humala','Gana Perú',2010-10-12 2011-04-10,PE,2011,0.316994,1849,513,0.782811176968671
'Fujimori','Fuerza 2011',2010-10-12 2011-04-10,PE,2011,0.235513,1228,1266,0.492381716118685
'Kuczynski','PPK',2010-10-12 2011-04-10,PE,2011,0.185118,386,929,0.293536121673004
'Toledo','Perú Posible',2010-10-12 2011-04-10,PE,2011,0.156314,1339,818,0.620769587389893
'Castaneda','Solidaridad Nacional',2010-10-12 2011-04-10,PE,2011,0.098322,874,1884,0.316896301667875
'Ñique','Fonavista',2010-10-12 2011-04-10,PE,2011,0.002527,1070,1811,0.371398819854217
'Noriega','Despertar Nacional',2010-10-12 2011-04-10,PE,2011,0.001473,1078,1230,0.467071057192374
'Belaunde','Adelante',2010-10-12 2011-04-10,PE,2011,0.001181,863,1064,0.447846393357551
'Reymer','Fuerza Nacional',2010-10-12 2011-04-10,PE,2011,0.001149,931,966,0.490774907749078
'Pinazo','JTE',2010-10-12 2011-04-10,PE,2011,0.00077,854,0,1
'Rodríguez','Fuerza Social',2010-10-12 2011-04-10,PE,2011,0.000639,1521,1500,0.503475670307845
'Humala','Union por el Perú',2005-10-11 2006-04-09,PE,2006,0.306162,7004,995,0.875609451181398
'Garcia','APRA',2005-10-11 2006-04-09,PE,2006,0.243239,901,930,0.49208083014746
'Flores','Unidad Nacional',2005-10-11 2006-04-09,PE,2006,0.238142,1329,967,0.57883275261324
'Chavez','Alianza por el Futuro',2005-10-11 2006-04-09,PE,2006,0.074329,1619,1295,0.555593685655456
'Paniagua','Frente de Centro',2005-10-11 2006-04-09,PE,2006,0.057526,1179,1390,0.458933437135072
'Lay Su','Restauración Nacional',2005-10-11 2006-04-09,PE,2006,0.043792,0,1184,0
'Villaran','Concertación',2005-10-11 2006-04-09,PE,2006,0.0062,1416,1161,0.549476135040745
'Salinas','Justicia Nacional',2005-10-11 2006-04-09,PE,2006,0.005347,913,1084,0.457185778668002
'Diez Canesco','Partido Socialista',2005-10-11 2006-04-09,PE,2006,0.004966,0,702,0
'Amprimo','Alianza para el progreso',2005-10-11 2006-04-09,PE,2006,0.004019,641,848,0.430490261920752
'Koechlin Von Stein','Con Fuerza Perú',2005-10-11 2006-04-09,PE,2006,0.003113,0,961,0
'Moreno','Nueva Izquierda',2005-10-11 2006-04-09,PE,2006,0.002763,1170,1551,0.429988974641676
'Humala','Avanza País',2005-10-11 2006-04-09,PE,2006,0.001997,7004,1343,0.839103869653768
'Borea','Fuerza Democrática',2005-10-11 2006-04-09,PE,2006,0.002003,1291,0,1
'Herrera','Renacimiento Andino',2005-10-11 2006-04-09,PE,2006,0.001865,991,1003,0.496990972918756
'Espinoza','Progresando Perú',2005-10-11 2006-04-09,PE,2006,0.001138,1809,0,1
'Guardera','Reconstrucción Democrática',2005-10-11 2006-04-09,PE,2006,0.000971,,,
'Asto','Resurgimiento Peruano',2005-10-11 2006-04-09,PE,2006,0.000884,1373,1299,0.513847305389222
'Wong','Y se llama Perú',2005-10-11 2006-04-09,PE,2006,0.000859,1135,1340,0.458585858585859
'Guerrero','Perú Ahora',2005-10-11 2006-04-09,PE,2006,0.000685,1268,1095,0.536606009310199
'Lacalle','Partido Nacional',2019-04-30 2019-10-27,UY,2019,0.296998889109219,1689,1281,0.568686868686869
'Martínez','Frente Amplio',2019-04-30 2019-10-27,UY,2019,0.404857215352894,157,1260,0.110797459421313
'Talvi','Partido Colorado',2019-04-30 2019-10-27,UY,2019,0.128009160051429,1632,1641,0.498625114573786
'Manini','Cabildo Abierto',2019-04-30 2019-10-27,UY,2019,0.114601284027693,1026,888,0.536050156739812
'Vega','PERI',2019-04-30 2019-10-27,UY,2019,0.0142692961302194,1219,1337,0.476917057902973
'Novick','Partido de la Gente',2019-04-30 2019-10-27,UY,2019,0.0112210630009403,1172,630,0.6503884572697
'Mieres','Partido Independiente',2019-04-30 2019-10-27,UY,2019,0.010055587183604,878,1666,0.345125786163522
'Abella','Unidad Popular',2019-04-30 2019-10-27,UY,2019,0.00841291874292367,1178,1185,0.498518831993229
'Salle','PVA',2019-04-30 2019-10-27,UY,2019,0.00826963302224127,1676,1198,0.583159359777314
'Goldman','Partido Digital',2019-04-30 2019-10-27,UY,2019,0.00271347333542292,909,1593,0.363309352517986
'Fernández','PT',2019-04-30 2019-10-27,UY,2019,0.000591480043412162,1243,1490,0.454811562385657
'Vázquez','Frente Amplio',2014-04-29 2014-10-26,UY,2014,0.49446,306,1425,0.176776429809359
'Lacalle','Partido Nacional',2014-04-29 2014-10-26,UY,2014,0.319385,1439,622,0.698204754973314
'Bordaberry','Partido Colorado',2014-04-29 2014-10-26,UY,2014,0.133273,1924,1410,0.577084583083383
'Mieres','Partido Independiente',2014-04-29 2014-10-26,UY,2014,0.03199,939,1126,0.454721549636804
'Abella','Asamblea Popular',2014-04-29 2014-10-26,UY,2014,0.011714,1017,1494,0.405017921146953
'Vega','PERI',2014-04-29 2014-10-26,UY,2014,0.007775,1618,1118,0.591374269005848
'Fernández','PT',2014-04-29 2014-10-26,UY,2014,0.001403,949,1268,0.428055931438881
'Mujica','Frente Amplio',2009-04-28 2009-10-25,UY,2009,0.495764,1223,1463,0.455323901712584
'Lacalle','Partido Nacional',2009-04-28 2009-10-25,UY,2009,0.297914,726,560,0.564541213063764
'Bordaberry','Partido Colorado',2009-04-28 2009-10-25,UY,2009,0.173997,866,847,0.505545826036194
'Mieres','Partido Independiente',2009-04-28 2009-10-25,UY,2009,0.025451,1163,1052,0.525056433408578
'Rodríguez','Asamblea Popular',2009-04-28 2009-10-25,UY,2009,0.006874,720,678,0.515021459227468
'Vázquez','Frente Amplio',2004-05-04 2004-10-31,UY,2004,0.516647,1129,1236,0.47737843551797
'Larrañaga','Partido Nacional',2004-05-04 2004-10-31,UY,2004,0.351275,695,1255,0.356410256410256
'Stirling','Partido Colorado',2004-05-04 2004-10-31,UY,2004,0.106124,992,1019,0.493286921929388
'Mieres','Partido Independiente',2004-05-04 2004-10-31,UY,2004,0.018838,542,836,0.393323657474601
'Lissidini','Partido Instransigente',2004-05-04 2004-10-31,UY,2004,0.003937,944,0,1
'Lamorte','Unión Cívica',2004-05-04 2004-10-31,UY,2004,0.002232,1123,0,1
'Vera','Partido Liberal',2004-05-04 2004-10-31,UY,2004,0.000711,924,953,0.492274906766116
'Fernández','PT',2004-05-04 2004-10-31,UY,2004,0.000236,275,229,0.545634920634921
'Maduro','Gran Polo Patriótico',2017-11-21 2018-05-20,VE,2018,0.679401753687682,3354,181,0.948797736916549
'Falcon','APRA',2017-11-21 2018-05-20,VE,2018,0.209692831546445,1098,336,0.765690376569038
'Bertucci','EL CAMBIO',2017-11-21 2018-05-20,VE,2018,0.106973947555629,1378,594,0.698782961460446
'Quijada','UPP89',2017-11-21 2018-05-20,VE,2018,0.00393146721024471,1053,932,0.530478589420655
'Maduro','Gran Polo Patriótico',2013-01-01 2013-04-14,VE,2013,0.50618,1257,18,0.985882352941177
'Capriles','Unidad Democrática',2013-01-01 2013-04-14,VE,2013,0.491219,965,808,0.544275239706712
'Méndez','Nueva Visión',2013-01-01 2013-04-14,VE,2013,0.001301,892,0,1
'Bolivar','Partido Democrático Unidos',2013-01-01 2013-04-14,VE,2013,0.000888,2556,0,1
'Sequera','Poder Laboral',2013-01-01 2013-04-14,VE,2013,0.000283,954,712,0.572629051620648
'Mora','Unidad Democrática',2013-01-01 2013-04-14,VE,2013,0.000129,1080,808,0.572033898305085
'Chávez','Gran Polo Patriótico',2012-04-10 2012-10-07,VE,2012,0.550748,3764,910,0.80530594779632
'Capriles','Unidad Democrática',2012-04-10 2012-10-07,VE,2012,0.44318,1234,72,0.944869831546707
'Sequera','Poder Laboral',2012-04-10 2012-10-07,VE,2012,0.004745,1020,1134,0.473537604456825
'Reyes','Organización Renovadora Auténtica',2012-04-10 2012-10-07,VE,2012,0.000552,1422,0,1
'Bolivar','Partido Democrático Unidos',2012-04-10 2012-10-07,VE,2012,0.000496,1990,0,1
'Chirino','PSL',2012-04-10 2012-10-07,VE,2012,0.000279,1742,1412,0.552314521242866
'Chávez','Quinta República',2006-06-06 2006-12-03,VE,2006,0.628458,660,1184,0.357917570498915
'Rosales','Nuevo Tiempo',2006-06-06 2006-12-03,VE,2006,0.36908,1010,149,0.87144089732528
'Reyes','Joven',2006-06-06 2006-12-03,VE,2006,0.000413,878,721,0.549093183239525
'Da Silva','Nueva Orden Social',2006-06-06 2006-12-03,VE,2006,0.000342,1021,0,1
'Romano','Movimiento Liberal',2006-06-06 2006-12-03,VE,2006,0.000321,1107,0,1
'Suárez','Sentir Nacional',2006-06-06 2006-12-03,VE,2006,0.000254,1519,0,1
'Aranguren','Conciencia País',2006-06-06 2006-12-03,VE,2006,0.000177,1073,0,1
'Tineo','Tercer Milenio',2006-06-06 2006-12-03,VE,2006,0.000129,1007,1044,0.490980009751341
'Salazar','Hijos de la Patria',2006-06-06 2006-12-03,VE,2006,0.000117,719,966,0.426706231454006
'Yrigoyen','Rompamos Cadenas',2006-06-06 2006-12-03,VE,2006,0.000113,1550,0,1
'Rodríguez','Por querer a Venezuela',2006-06-06 2006-12-03,VE,2006,9.7e-05,1453,0,1
'Leon','Fuerza y Paz',2006-06-06 2006-12-03,VE,2006,6.8e-05,1634,1194,0.577793493635078
